City_ID,City,Country,Current Description,Max Temp,Lat,Lng,Hotel Name
0,dobson,US,clear sky,82.0,36.4,-80.72,Beagles Bed & Breakfast
1,kapaa,US,scattered clouds,82.4,22.08,-159.32,Sheraton Kauai Resort at Coconut Beach
6,bandarbeyla,SO,overcast clouds,80.85,9.49,50.81,REER XOOSHLE GROUP
9,cabedelo,BR,few clouds,82.4,-6.98,-34.83,Lua Mansa Pousada
10,nikolskoye,RU,clear sky,73.4,59.7,30.79,Tourist House - Sablino
11,dukat,RU,clear sky,65.57,62.55,155.55,
12,rapid valley,US,clear sky,84.2,44.06,-103.15,Fairfield Inn & Suites by Marriott Rapid City
13,puerto ayora,EC,overcast clouds,80.6,-0.74,-90.35,Finch Bay Galapagos Hotel
14,atuona,PF,clear sky,80.15,-9.8,-139.03,Villa Enata
15,scottsboro,US,broken clouds,82.4,34.67,-86.03,Econo Lodge
17,isla mujeres,MX,haze,87.8,21.23,-86.73,Hotel La Joya Isla Mujeres
18,kutum,SD,overcast clouds,76.98,14.2,24.67,Dibbo areaمنطقة دبو
19,castro,BR,few clouds,68.16,-24.79,-50.01,CHACARA BAILLY
24,police,PL,clear sky,75.0,53.55,14.57,Hotel Dobosz
25,mahebourg,MU,shower rain,73.4,-20.41,57.7,Shandrani Beachcomber Resort & Spa
27,kousseri,CM,thunderstorm with light rain,75.2,12.08,15.03,Résidence le Palmier
29,presidente olegario,BR,clear sky,79.0,-18.42,-46.42,Cruzeiro Hotel
30,washington,US,clear sky,82.99,47.5,-120.5,"Cashmere Cider Mill Guest Suites, Weddings & Tasting Room"
31,katsuura,JP,broken clouds,73.0,35.13,140.3,Katsuura Hilltop Hotel & Residence
32,roald,NO,clear sky,64.4,62.58,6.13,Flem Cabins
33,aras,ES,few clouds,69.8,42.56,-2.36,Jardines de Viana Spa
35,indaial,BR,light rain,73.0,-26.9,-49.23,OYO Hotel Indaial
37,bambous virieux,MU,shower rain,73.4,-20.34,57.76,Casa Tia Villa
39,banda aceh,ID,overcast clouds,81.37,5.56,95.32,OYO 884 Rumoh PMI Hotel
42,kamenka,RU,overcast clouds,62.01,51.32,42.77,
43,faya,SA,clear sky,75.2,18.39,42.45,مقبرة ال مجمل
44,mehran,IR,clear sky,75.2,33.12,46.16,زائرسرای نور
45,hithadhoo,MV,broken clouds,84.29,-0.6,73.08,Scoop Guest House
46,avarua,CK,scattered clouds,73.4,-21.21,-159.78,Paradise Inn
49,jamestown,US,broken clouds,68.0,42.1,-79.24,Hampton Inn & Suites Jamestown
53,westport,US,clear sky,87.01,41.14,-73.36,The Westport Inn
55,ribeira grande,PT,broken clouds,68.0,38.52,-28.7,Quinta da Meia Eira
57,yellowknife,CA,broken clouds,62.6,62.46,-114.35,The Explorer Hotel
59,bergerac,FR,broken clouds,82.0,44.83,0.5,Hôtel de Bordeaux
60,the valley,AI,few clouds,89.6,18.22,-63.06,CeBlue Villas & Beach Resort
63,martapura,ID,clear sky,72.68,-3.42,114.85,Montana Hotel Syariah
64,ciechanow,PL,overcast clouds,73.4,52.88,20.62,Hotel ATENA
65,kavieng,PG,broken clouds,83.25,-2.57,150.8,Nusa Island Retreat
73,avera,US,clear sky,86.0,33.19,-82.53,
77,thompson,CA,light intensity shower rain,66.2,55.74,-97.86,Burntwood Hotel
78,albany,US,few clouds,84.99,42.6,-73.97,
80,ndende,GA,broken clouds,75.49,-2.4,11.36,
81,kahului,US,scattered clouds,84.2,20.89,-156.47,Maui Seaside Hotel
82,east london,ZA,clear sky,70.52,-33.02,27.91,Tu Casa
83,torbay,CA,scattered clouds,81.0,47.67,-52.73,Gallows Cove
85,narodychi,UA,clear sky,63.9,51.2,29.08,
86,aguilas,ES,clear sky,79.0,37.41,-1.58,Hotel Carlos III
90,kollam,IN,heavy intensity rain,78.8,8.88,76.6,The Raviz Ashtamudi
91,brigham city,US,clear sky,78.8,41.51,-112.02,Best Western Brigham City Inn & Suites
93,georgetown,MY,thunderstorm,80.6,5.41,100.34,Cititel Penang
94,morondava,MG,clear sky,74.43,-20.28,44.28,La Case Bambou
95,butaritari,KI,scattered clouds,82.74,3.07,172.79,Isles Sunset Lodge
96,vao,NC,broken clouds,69.21,-22.67,167.48,Hotel Kou-Bugny
97,ponta do sol,PT,scattered clouds,70.0,32.67,-17.1,Hotel do Campo
100,inyonga,TZ,broken clouds,68.59,-6.72,32.07,Eden Rock Lodge
101,hilo,US,overcast clouds,80.6,19.73,-155.09,Hilo Hawaiian Hotel
103,udachnyy,RU,few clouds,62.6,66.42,112.4,Gostinitsa Vilyuy
104,alamosa,US,clear sky,78.8,37.47,-105.87,Best Western Alamosa Inn
108,caravelas,BR,clear sky,77.76,-17.71,-39.25,Pousada dos Navegantes
109,asyut,EG,clear sky,82.4,27.18,31.18,Florence Hotel Assiut
111,neiafu,TO,scattered clouds,75.2,-18.65,-173.98,Mystic Sands
114,port alfred,ZA,clear sky,69.01,-33.59,26.89,The Halyards Hotel
116,la ronge,CA,few clouds,77.0,55.1,-105.28,Northland Motor Hotel
117,margate,GB,clear sky,73.0,51.38,1.39,Premier Inn Margate hotel
118,saskylakh,RU,clear sky,75.65,71.92,114.08,
120,wakefield,GB,few clouds,75.0,53.68,-1.5,Hôtel Restaurant Campanile Wakefield
122,marzuq,YE,clear sky,84.09,14.4,46.47,
124,umea,SE,few clouds,71.6,63.83,20.26,Hotel Avenue | ProfilHotels
125,jinchang,CN,overcast clouds,71.33,38.5,102.17,Mingshihui Jinchang International Hotel
126,palmer,US,scattered clouds,84.0,42.16,-72.33,Wedgewood Motel
127,vaini,TO,broken clouds,71.6,-21.2,-175.2,Keleti Beach Resort
128,lagoa,PT,broken clouds,66.09,39.05,-27.98,Casa Das Faias
129,jalu,LY,clear sky,84.96,29.03,21.55,Jalu Hotel
131,nabire,ID,overcast clouds,75.94,-3.37,135.48,Hotel Nusantara Nabire
136,birao,CF,scattered clouds,80.22,10.28,22.79,
138,iquitos,PE,broken clouds,86.0,-3.75,-73.25,Cortez Malaga Techy Caroly
139,sola,VU,scattered clouds,78.8,-13.88,167.55,Leumerus Bungalows
140,port elizabeth,ZA,clear sky,70.93,-33.92,25.57,39 On Nile Guest House
142,gazli,UZ,clear sky,84.09,40.13,63.45,
143,mumbwa,ZM,broken clouds,62.35,-14.98,27.06,Mumbwa Motel
145,mizdah,LY,clear sky,83.68,31.45,12.98,محمدالمبروك الاريقط
148,lakefield,US,clear sky,82.99,43.68,-95.17,Wind Mill Motel
149,puerto escondido,MX,broken clouds,86.0,15.85,-97.07,Aldea del Bazar Hotel and Spa
151,hamilton,US,scattered clouds,84.99,39.18,-84.53,Six Acres Bed & Breakfast
153,basco,PH,overcast clouds,84.83,20.45,121.97,Nathaniel's Lodge
156,saint-pierre,RE,clear sky,71.6,-21.34,55.48,Lindsey Hôtel
158,bethel,US,few clouds,82.99,41.37,-73.41,Courtyard by Marriott Danbury
160,sao filipe,CV,clear sky,76.62,14.9,-24.5,Tortuga B&B
163,asau,RO,scattered clouds,63.0,46.43,26.4,Casa Mika Ciobanus
165,bozoum,CF,overcast clouds,68.02,6.32,16.38,
166,mecca,SA,clear sky,87.1,21.43,39.83,Hotel Fairmont Makkah Clock Royal Tower
167,sakaiminato,JP,light intensity shower rain,75.2,35.55,133.23,味処・民宿 まつや
168,da nang,VN,few clouds,82.4,16.07,108.22,Grand Mercure Danang
169,lasa,IT,broken clouds,63.0,46.62,10.7,Pension Feldgärtenhof
170,kupang,ID,overcast clouds,76.33,-10.17,123.58,Sylvia Hotel Premier Kupang
173,axim,GH,overcast clouds,77.79,4.87,-2.24,AXIM BEACH RESORT AND SPA
174,ucluelet,CA,overcast clouds,61.0,48.93,-125.55,Black Rock Oceanfront Resort
175,green river,US,clear sky,80.6,41.53,-109.47,Hampton Inn & Suites Green River
177,saint anthony,US,clear sky,84.99,45.02,-93.22,Holiday Inn Express Roseville-St. Paul
180,cabo san lucas,MX,clear sky,87.8,22.89,-109.91,Hotel Tesoro Los Cabos
185,marrakesh,MA,few clouds,84.2,31.63,-8.01,Les Jardins de La Koutoubia
187,portland,US,few clouds,73.0,45.52,-122.68,Portland Marriott City Center
189,najran,SA,few clouds,87.8,17.49,44.13,محمد هادي ال فطيح
190,pozo colorado,PY,broken clouds,63.79,-23.49,-58.8,Hospedaje la Amistad
194,atherton,GB,overcast clouds,82.0,53.52,-2.49,The Mercury Motel
195,pangai,TO,few clouds,77.0,-19.8,-174.35,Ha'apai Beach Resort
196,dobele,LV,clear sky,73.4,56.62,23.28,Reki
198,zhigansk,RU,broken clouds,65.17,66.77,123.37,Gostinichnyy Kompleks Aylgy
200,garissa,KE,clear sky,78.03,-0.45,39.64,Almond Resort
201,road town,VG,few clouds,87.8,18.42,-64.62,"ZINGARA 76ft Catamaran, full crew-all included"
202,san cristobal,VE,dust,89.6,7.77,-72.22,Pirineos
204,saint-joseph,RE,few clouds,71.6,-21.37,55.62,"""Plantation Bed and Breakfast"
205,cockburn town,TC,broken clouds,83.68,21.46,-71.14,Osprey Beach Hotel
207,sangar,RU,broken clouds,62.46,63.92,127.47,
209,gizo,SB,overcast clouds,82.65,-8.1,156.84,Imagination Island
210,ferrol,ES,broken clouds,62.6,43.48,-8.24,Carrís Almirante
211,khawhai,IN,overcast clouds,62.53,23.37,93.12,Homestay Khawhai
215,bathsheba,BB,shower rain,86.0,13.22,-59.52,Atlantis Hotel
216,sarai alamgir,PK,smoke,86.0,32.9,73.76,Tulip Riverside Hotel And Restaurant Jehlum
217,arraial do cabo,BR,overcast clouds,80.6,-22.97,-42.03,Pousada Porto Praia
218,acari,PE,few clouds,74.01,-15.43,-74.62,Hospedaje Ximens
220,quincy,US,overcast clouds,86.0,42.25,-71.0,Marriott Boston Quincy
221,vila,PT,clear sky,66.99,42.03,-8.16,Hotel Castrum Villae
224,aquiraz,BR,overcast clouds,82.4,-3.9,-38.39,Pousada Rua Camurupim
225,trairi,BR,broken clouds,81.12,-3.28,-39.27,Pousada Field Lilies - Trairi
228,mitsamiouli,KM,clear sky,78.53,-11.38,43.28,Foyer ADM
230,marsa matruh,EG,clear sky,73.4,31.35,27.25,Beau Site
231,bonavista,CA,clear sky,62.73,48.65,-53.11,Abbott's Bed & Breakfast
232,belyy,RU,few clouds,65.68,55.84,32.94,"Hotel ""obshatsya"""
234,umm lajj,SA,clear sky,82.65,25.02,37.27,Moon light Furnished Units
238,turan,VN,few clouds,82.4,16.07,108.22,Grand Mercure Danang
240,griffith,US,broken clouds,82.99,41.53,-87.42,"Motel 6 Hammond, IN - Chicago Area"
241,ahuimanu,US,overcast clouds,80.6,21.44,-157.84,Paradise Bay Resort
242,matola,MZ,clear sky,68.0,-25.96,32.46,Guesthouse Yuba
243,vigrestad,NO,clear sky,73.0,58.57,5.7,Brusand Camping
246,zonguldak,TR,clear sky,61.02,41.25,31.83,Süleyman Tez Ev
248,santa cruz,BO,thunderstorm with light rain,68.0,-17.8,-63.17,Hotel Cortez
250,urumqi,CN,broken clouds,71.6,43.8,87.6,Hua Ling Grand Hotel Urumqi
251,dingle,PH,overcast clouds,78.12,11.0,122.67,Camp Pasica
254,tautira,PF,few clouds,80.6,-17.73,-149.15,Pension Oaoa
256,kawalu,ID,broken clouds,70.84,-7.38,108.21,KOSAN UNGU UNSIK
258,valparaiso,CL,overcast clouds,62.6,-33.04,-71.63,Hotel Ultramar
259,sao felix do xingu,BR,clear sky,89.96,-6.64,-51.99,Apart Hotel Rio Xingu
260,keuruu,FI,scattered clouds,81.0,62.27,24.7,Hostelli Nonna
263,vila velha,BR,few clouds,79.0,-20.33,-40.29,Hotel Vitória Palace
265,mata,PT,clear sky,66.99,40.68,-7.46,Solar dos Pedrosos
266,hope,US,broken clouds,84.99,33.67,-93.59,Best Western Hope
267,puerto narino,CO,scattered clouds,89.6,-3.77,-70.38,Eware Refugio Amazonico
268,pisco,PE,mist,64.0,-13.7,-76.22,Hostal San Isidro Oficial
269,gat,IL,clear sky,77.0,31.61,34.76,רגע בנחת
271,chamba,IN,clear sky,73.06,32.57,76.13,NotOnMap - Rafi's House
273,bubaque,GW,overcast clouds,81.88,11.28,-15.83,Casa Dora
274,cuamba,MZ,clear sky,63.48,-14.8,36.54,Hotel Vision
275,aswan,EG,clear sky,89.46,24.09,32.91,Nuba Nile
277,kuching,MY,few clouds,77.0,1.55,110.33,Hilton Kuching
280,soyo,AO,overcast clouds,74.28,-6.13,12.37,Hotel Mpampa
283,zyryanka,RU,clear sky,75.87,65.75,150.85,Zyryanka
284,soto la marina,MX,overcast clouds,84.99,23.77,-98.22,Hotel Chicago
287,atambua,ID,broken clouds,69.82,-9.11,124.89,Pondok Pesantren Al Muhajirin Atambua
289,amapa,BR,scattered clouds,86.5,1.0,-52.0,
291,khatanga,RU,overcast clouds,68.94,71.97,102.5,"Gostinitsa ""Zapolyar'ye"""
293,fortuna,US,broken clouds,62.6,40.6,-124.16,Super 8 by Wyndham Fortuna
295,barra da estiva,BR,broken clouds,69.8,-13.63,-41.33,Hotel Santa Rita
298,coquimbo,CL,overcast clouds,64.4,-29.95,-71.34,Hotel San Juan
299,cumberland,US,overcast clouds,78.8,35.05,-78.87,American Eagle Inn
301,la tuque,CA,overcast clouds,60.37,47.43,-72.78,Le Gite du Parc
304,sa kaeo,TH,overcast clouds,77.5,13.81,102.07,Thanasiri Hotel & Resort
307,ixtapa,MX,few clouds,89.6,20.7,-105.2,Container Inn Puerto Vallarta
309,angoram,PG,clear sky,71.62,-4.06,144.07,
311,kamwenge,UG,overcast clouds,66.67,0.19,30.45,Mariana Tourist Hotel
315,cilegon,ID,haze,78.8,-6.02,106.05,Horison Forbis Hotel
316,komsomolskiy,UZ,light rain,78.8,40.43,71.72,Ikathouse
317,hun,LY,clear sky,84.49,29.13,15.95,Alrwasi Hotel
318,sao joao da barra,BR,overcast clouds,80.6,-21.64,-41.05,Pousada Porto De Canoas
321,karratha,AU,clear sky,65.34,-20.74,116.85,ibis Styles Karratha
322,peniche,PT,few clouds,66.0,39.36,-9.38,Hotel Star inn Peniche
323,faanui,PF,overcast clouds,78.62,-16.48,-151.75,Bora-Bora Pearl Beach Resort & Spa
325,micheweni,TZ,clear sky,77.83,-4.97,39.83,
326,belmonte,BR,scattered clouds,77.0,-15.86,-38.88,Pousada Monte Carmelo O Pão
331,hambantota,LK,overcast clouds,77.0,6.12,81.12,Bungalow 63
332,huittinen,FI,clear sky,80.6,61.18,22.7,Seurahuone
333,waingapu,ID,scattered clouds,75.0,-9.66,120.26,Pondok Wisata Elim
334,mayo,US,few clouds,84.0,38.89,-76.51,Resorts Resource Group International
337,ilhabela,BR,overcast clouds,78.96,-23.78,-45.36,Ilha Flat Hotel
338,cayenne,GF,few clouds,86.0,4.93,-52.33,Hôtel Le Dronmi
340,erenhot,CN,clear sky,66.49,43.65,111.98,Erenhot Rurouni Youth Hostel
341,nisia floresta,BR,scattered clouds,84.2,-6.09,-35.21,Rancho Crepusculo
342,maceio,BR,scattered clouds,78.8,-9.67,-35.74,Mercure Maceio Pajucara Hotel
345,anan,JP,broken clouds,75.2,33.92,134.65,Royal Garden Hotel
346,ewa beach,US,broken clouds,80.6,21.32,-158.01,Hampton Inn & Suites Oahu/Kapolei
347,jiazi,CN,overcast clouds,81.77,22.88,116.07,Hotel Jin Hao
348,talara,PE,overcast clouds,75.2,-4.58,-81.27,Hostal Oro Negro
349,zverevo,RU,clear sky,71.6,48.02,40.12,Gostinitsa Zverevo
351,kilrush,IE,broken clouds,64.4,52.64,-9.48,Innwood House
352,sri aman,MY,overcast clouds,77.0,1.24,111.46,Seri Simanggang Hotel
353,tupaciguara,BR,broken clouds,78.8,-18.59,-48.7,Hotel Santa Terezinha
355,soe,ID,broken clouds,64.74,-9.86,124.28,Dena Hotel
356,zhangye,CN,overcast clouds,72.77,38.93,100.45,Zhangye Lvzhou Holiday Inn
358,hargeysa,SO,scattered clouds,77.04,9.56,44.06,Imperial Hotel
359,kununurra,AU,clear sky,62.6,-15.77,128.73,Hotel Kununurra
361,urla,TR,clear sky,82.4,38.32,26.76,Han Hotel
362,deputatskiy,RU,broken clouds,67.41,69.3,139.9,Baza Otdykha
363,borogontsy,RU,scattered clouds,60.22,62.67,131.17,
364,pangkalanbuun,ID,few clouds,72.34,-2.68,111.62,Grand Kecubung Hotel
365,avinurme,EE,clear sky,64.96,58.98,26.86,Avinurme Hostel
366,cabangahan,PH,light rain,77.0,9.08,122.95,Centralle District Resort
368,monopoli,IT,clear sky,73.99,40.96,17.29,Il Melograno
371,colon,PA,broken clouds,90.0,9.36,-79.9,Sand Diamond Hotel
373,bud,US,broken clouds,82.4,39.45,-86.18,Madsion Scouts Camp
374,praia,CV,few clouds,80.6,14.92,-23.51,LT Aparthotel
375,jinka,ET,few clouds,64.09,5.65,36.65,
376,muros,ES,clear sky,69.01,42.78,-9.06,Apartment Av. Castelao
377,college,US,scattered clouds,61.0,64.86,-147.8,Pike's Waterfront Lodge
379,saint-leu,RE,few clouds,71.6,-21.15,55.28,La Caz Oceane
381,purificacion,CO,scattered clouds,80.6,3.86,-74.93,Hotel Villa de las Palmas
384,stralsund,DE,few clouds,73.0,54.31,13.08,IntercityHotel Stralsund
386,bombay,IN,haze,86.0,19.01,72.85,Four Seasons Hotel Mumbai
387,alofi,NU,broken clouds,73.4,-19.06,-169.92,Taloa Heights
388,yei,SS,broken clouds,68.09,4.09,30.68,City Link Hotel
389,aitape,PG,overcast clouds,78.21,-3.14,142.35,
390,padang,ID,broken clouds,78.49,-0.95,100.35,Mercure Padang
391,akyab,MM,overcast clouds,83.3,20.15,92.9,Hotel Memory
392,vila franca do campo,PT,few clouds,66.2,37.72,-25.43,Pestana Bahia Praia
393,kampot,KH,scattered clouds,78.8,10.62,104.18,Champa Lodge
394,jingdezhen,CN,scattered clouds,73.72,29.29,117.21,Garden Hotel
395,langham,CA,broken clouds,75.2,52.37,-106.97,Shady Rest Motel
396,kannad,IN,broken clouds,80.6,20.27,75.13,Prajwal park.
398,bara,NG,broken clouds,86.27,10.37,10.73,
399,beyneu,KZ,overcast clouds,82.69,45.32,55.2,NUR
401,ino,JP,broken clouds,75.22,33.55,133.43,Kanponoyado Ino
402,boryslav,UA,overcast clouds,66.99,49.29,23.43,Vernygora
404,namibe,AO,clear sky,67.39,-15.2,12.15,Hotel Chik Chik Namibe
405,tooele,US,clear sky,81.0,40.53,-112.3,Holiday Inn Express & Suites Tooele
407,san jeronimo,PE,scattered clouds,63.73,-11.95,-75.28,Tuki Llajta Pueblo Bonito Eco Lodge
409,vallenar,CL,overcast clouds,73.62,-28.57,-70.76,Humacao Bed & Breakfast
410,miri,MY,scattered clouds,75.2,4.41,114.01,"Mega Hotel, Miri"
411,dalipey,PH,overcast clouds,63.93,16.8,120.72,
413,batagay-alyta,RU,broken clouds,69.04,67.8,130.41,
415,port-gentil,GA,scattered clouds,73.4,-0.72,8.78,Fengshui Residence
416,nioro,GM,overcast clouds,89.06,13.35,-15.75,
417,havre-saint-pierre,CA,clear sky,71.6,50.23,-63.6,Auberge Niapiskau
420,cape canaveral,US,light rain,86.0,28.41,-80.6,Residence Inn by Marriott Cape Canaveral Cocoa Beach
422,haikou,CN,overcast clouds,84.2,20.05,110.34,Sun City Restaurant
423,marshfield,US,clear sky,77.0,44.67,-90.17,Holiday Inn Conference Ctr Marshfield
424,praya,CV,few clouds,80.6,14.92,-23.51,LT Aparthotel
425,airdrie,GB,overcast clouds,75.0,55.87,-3.98,Dakota Hotel Eurocentral
426,lima,PE,overcast clouds,62.6,-12.04,-77.03,Gran Hotel Bolivar Lima
427,grand-lahou,CI,overcast clouds,77.32,5.14,-5.02,Hotel Beatitude de Grand Lahou
428,otradnoye,RU,clear sky,73.4,59.78,30.82,Baza otdikha Petrushinsky Khutor
431,sayyan,YE,broken clouds,68.56,15.17,44.32,الاستاذة مروى اليوسفي
436,sanica,BA,clear sky,75.2,44.61,16.64,Eko Oaza Mira Sanica
437,cabinda,AO,overcast clouds,74.43,-5.55,12.2,"Hotel Executivo , 3 estrelas"
439,itarema,BR,clear sky,83.48,-2.92,-39.92,Windvillage
440,north bend,US,clear sky,79.0,43.41,-124.22,Red Lion Hotel Coos Bay
441,wainwright,CA,few clouds,71.98,52.84,-110.86,Ramada by Wyndham Wainwright
442,lodwar,KE,clear sky,87.46,3.12,35.6,Turkwel Lodge
444,harper,LR,overcast clouds,76.91,4.38,-7.72,Screensaver
449,camacha,PT,scattered clouds,69.8,33.08,-16.33,Hotel Porto Santo & Spa
450,lamar,US,broken clouds,87.01,33.67,-95.58,Kings Inn Paris TX
453,hasaki,JP,light intensity shower rain,66.2,35.73,140.83,Inubosaki Kanko Hotel
454,west helena,US,scattered clouds,86.0,34.55,-90.64,Best Western Inn
456,altamont,US,clear sky,80.6,42.21,-121.74,Microtel Inn & Suites by Wyndham Klamath Falls
458,matay,EG,clear sky,83.43,28.42,30.78,Nag Aespen
460,hobyo,SO,overcast clouds,79.23,5.35,48.53,Osmani Hotel
461,wamba,NG,broken clouds,77.29,8.93,8.6,Roma Zee Guest House Annex
462,langsa,ID,overcast clouds,75.06,4.47,97.97,OYO 2964 Hotel Ridho
466,poum,NC,scattered clouds,70.12,-20.23,164.02,Gîte kajeon
467,coos bay,US,clear sky,79.0,43.37,-124.22,Best Western Holiday Hotel
469,finschhafen,PG,clear sky,78.42,-6.6,147.87,Cossam Guest House
470,tabou,CI,overcast clouds,76.93,4.42,-7.35,hotêl doufoulougou
471,ulaangom,MN,overcast clouds,65.64,49.98,92.07,Achit Nuur Hotel & Restaurant
472,kijini,TZ,few clouds,78.8,-5.85,39.32,Seles Bungalows
475,los llanos de aridane,ES,few clouds,73.4,28.66,-17.92,Valle Aridane
476,les cayes,HT,few clouds,85.84,18.2,-73.75,Villa Orphee
478,korla,CN,overcast clouds,78.01,41.76,86.15,Gulisitan Hotel
479,casper,US,clear sky,82.4,42.87,-106.31,Ramkota Hotel
480,khartoum,SD,thunderstorm with rain,89.6,15.55,32.53,Hotel China
481,richards bay,ZA,clear sky,67.73,-28.78,32.04,BON Hotel Waterfront Richards Bay
483,morden,CA,few clouds,77.0,49.19,-98.1,Morden Motor Inn
486,boyolangu,ID,scattered clouds,72.45,-8.12,111.89,Yos ega cv
487,sondrio,IT,scattered clouds,72.0,46.17,9.87,Grand Hotel della Posta
489,saint-paul,RE,scattered clouds,71.6,-21.01,55.27,Boucan Canot
490,madrid,ES,few clouds,90.0,40.42,-3.7,Iberostar Las Letras Gran Vía
491,plock,PL,clear sky,73.99,52.55,19.71,Herman
492,north vanlaiphai,IN,overcast clouds,63.34,23.13,93.07,pu lalluna in
493,george town,MY,thunderstorm,80.6,5.41,100.34,Cititel Penang
494,honiara,SB,few clouds,71.6,-9.43,159.95,Heritage Park Hotel
497,yarmouth,US,clear sky,82.99,41.71,-70.23,The Inn At Cape Cod
498,suluova,TR,scattered clouds,66.2,40.83,35.65,GÜN APART
499,kencong,ID,broken clouds,72.09,-8.28,113.37,PP. AL-QUR'AN AL-FADHILAH
500,hesla,IN,overcast clouds,86.07,24.07,85.88,Khurshid Dhaba
501,cap malheureux,MU,clear sky,73.0,-19.98,57.61,Pereybere Hotel & Spa
503,marawi,PH,broken clouds,75.0,8.0,124.29,Derogongan Residence
504,cairns,AU,overcast clouds,68.0,-16.92,145.77,Mantra Trilogy Cairns
505,san pedro buenavista,MX,broken clouds,84.2,16.08,-93.12,
506,ponta delgada,PT,few clouds,66.2,37.73,-25.67,Vila Nova Hotel
507,shache,CN,clear sky,74.91,38.42,77.24,Delong Hotel
508,salalah,OM,scattered clouds,84.2,17.02,54.09,HAMDAN PLAZA HOTEL
509,solec kujawski,PL,broken clouds,77.0,53.08,18.23,MM-Rooms
510,naze,JP,broken clouds,78.8,28.37,129.48,奄美ポートタワーホテル
511,vicosa,BR,overcast clouds,68.95,-20.75,-42.88,Vivant Residence
513,hershey,US,few clouds,84.2,40.29,-76.65,Days Inn by Wyndham Hershey
514,nivala,FI,broken clouds,73.99,63.92,24.97,Hotelli Huiskankorpi / Aseman majatalo
515,pochutla,MX,broken clouds,90.0,15.74,-96.47,Hotel Posada San Jose
517,kieta,PG,broken clouds,79.27,-6.22,155.63,
518,tual,ID,overcast clouds,80.51,-5.67,132.75,Grand Vilia Hotel
519,coahuayana,MX,broken clouds,82.4,18.73,-103.68,Hotel Los Arcos
520,buffalo,US,few clouds,79.0,42.89,-78.88,Embassy Suites by Hilton Buffalo
523,zabol,AF,clear sky,71.67,32.25,67.25,
525,potoci,BA,clear sky,77.0,43.41,17.88,Zemljani - Laboratorija Samoodrživosti
526,formiga,BR,scattered clouds,72.36,-20.46,-45.43,Clube Náutico Formiguense - Escritório
527,ust-nera,RU,clear sky,69.24,64.57,143.2,Hotel Ust-Nera
528,leua,SK,overcast clouds,75.0,48.22,18.61,Business Hotel ASTRUM Laus
529,dong hoi,VN,overcast clouds,83.8,17.48,106.6,Nam Long Hotel
530,souillac,MU,shower rain,73.4,-20.52,57.52,Bils' Villa
531,nicosia,CY,clear sky,78.01,35.17,33.37,The Landmark Nicosia
532,isangel,VU,broken clouds,69.8,-19.55,169.27,Volcano Sea View Tree House
534,paita,PE,overcast clouds,75.2,-5.09,-81.11,Hotel Náutico de Paita
537,enshi,CN,scattered clouds,72.25,30.3,109.48,Moevenpick Enshi
539,kon tum,VN,overcast clouds,70.65,14.35,108.0,Hoa đà spa- homestay
540,price,US,clear sky,89.6,39.6,-110.81,National 9 - Price River Inn
541,kenai,US,few clouds,60.8,60.55,-151.26,Aspen Extended Stay Suites
543,sioux lookout,CA,scattered clouds,78.8,50.1,-91.92,Knobby's Fly-In Camps
544,labateca,CO,dust,89.6,7.3,-72.49,Hotel Irene Royal
545,guerrero negro,MX,few clouds,73.8,27.98,-114.06,"Casa Laguna, Bed & Breakfast"
548,biltine,TD,overcast clouds,85.87,14.53,20.92,Hôtel Trois Étoiles de Biltine
549,moshenskoye,RU,broken clouds,63.86,58.51,34.59,
550,srandakan,ID,broken clouds,73.29,-7.94,110.25,Puri Brata
551,tateyama,JP,overcast clouds,73.0,34.98,139.87,Tateyama Seaside Hotel
552,zhezkazgan,KZ,broken clouds,72.55,47.8,67.71,Kvartiry Posutochno.
553,laukaa,RU,clear sky,66.43,58.74,29.85,U Lysoy Gory Hotel
554,am timan,TD,overcast clouds,84.24,11.03,20.28,
556,brewster,US,few clouds,86.0,41.4,-73.62,Heidi's Inn
559,abu samrah,SY,clear sky,74.93,35.3,37.18,
562,namatanai,PG,overcast clouds,79.86,-3.67,152.43,Namatanai Hotel
565,alyth,GB,clear sky,66.0,56.62,-3.23,Lands of Loyal Hotel
566,narayangarh,IN,clear sky,89.04,30.48,77.13,Hotel Paris
567,sur,OM,broken clouds,84.07,22.57,59.53,Sur Plaza Hotel
568,meulaboh,ID,overcast clouds,77.23,4.14,96.13,Kost Pria
569,cardston,CA,broken clouds,71.01,49.2,-113.3,Flamingo Motel
571,luwero,UG,broken clouds,65.01,0.85,32.47,Nimrod Hotel
572,hatillo,PR,clear sky,89.01,18.49,-66.83,Hotel Parador El Buen Cafe
573,alexandria,EG,scattered clouds,75.2,31.22,29.96,Mediterranean Azur Hotel
575,antalaha,MG,clear sky,69.78,-14.9,50.28,Hotel Vitasoa
578,acajutla,SV,scattered clouds,84.99,13.59,-89.83,Stop.
579,kazanskaya,RU,clear sky,65.98,45.41,40.44,Kazach'ya
580,la cruz,MX,clear sky,87.82,23.92,-106.9,LIBERADOR DE CELULAS MADRE ADULTAS
581,shingu,JP,overcast clouds,73.99,33.73,135.98,Shingu UI Hotel
583,yuancheng,CN,overcast clouds,72.97,36.65,107.79,
586,takestan,IR,clear sky,73.4,36.07,49.7,baghdadi hotelهتل و رستوران بغدادی
588,bereda,ES,broken clouds,63.0,43.27,-7.54,Pazo de Verdes
589,majenang,ID,broken clouds,71.82,-7.3,108.76,Bpk.Yuswoyo Family
